<?xml version="1.0" encoding="UTF-8"?>
<model package="authazure" baseClass="xPDOObject" platform="mysql" defaultEngine="InnoDB" version="1.1">
	<object class="AazProfile" table="aaz_profile" extends="xPDOSimpleObject">

		<field key="user_id" dbtype="int" precision="10" phptype="integer" null="true" index="unique" />
		<field key="data" dbtype="mediumtext" phptype="string" null="true" />
        <field key="token" dbtype="mediumtext" phptype="string" null="true" />

		<index alias="user_id" name="user_id" primary="false" unique="true" type="BTREE" >
			<column key="user_id" length="" collation="A" null="true" />
		</index>

		<aggregate alias="User" class="modUser" local="user_id" foreign="id" cardinality="one" owner="foreign"/>

	</object>
</model>
